id,Name,titleProject_id,class,score,login,password
0,Сербин Геннадий Михаилович,7,8в,2,Сербин_ГМ,kMoNkt73
1,Папандина Клавдия Яковлевна,304,9в,5,Папандина_КЯ,mKK1xs3u
2,Белагина Галина Андреевна,396,9а,4,Белагина_ГА,lWh17wZd
3,Кижняева Анна Леонидовна,178,7и,2,Кижняева_АЛ,z3x4IbqP
4,Цывин Олег Яковлевич,446,7т,2,Цывин_ОЯ,Dfx03qFd
5,Жидняева Ксения Эдуардовна,373,7х,4,Жидняева_КЭ,nrWF0by3
6,Липковский Анатолий Иванович,144,10а,2,Липковский_АИ,Jqyue9Z7
7,Меднова Наталья Богдановна,290,7и,5,Меднова_НБ,xKHe2dr0
8,Житихин Вячеслав Романович,141,9а,5,Житихин_ВР,yqjl4YZ7
9,Шеврина Полина Максимовна,33,11а,5,Шеврина_ПМ,fEwW2v6e
10,Алпеев Валентин Данилович,323,8а,2,Алпеев_ВД,xwU3ccI9
11,Золикова Клара Игоревна,364,10х,2,Золикова_КИ,Xhwr9Nl0
12,Дориков Дмитрий Петрович,296,10г,5,Дориков_ДП,fTjX4kf4
13,Корабышев Кирилл Михаилович,302,8и,5,Корабышев_КМ,Jlov4M7t
14,Ростовиков Константин Николаевич,336,10а,2,Ростовиков_КН,6mz4eClJ
15,Нехаев Дмитрий Фёдорович,129,7х,4,Нехаев_ДФ,8sm4mwBO
16,Зызлова Мария Николаевна,430,8г,3,Зызлова_МН,l3mrOO6q
17,Королупов Валерий Тимофеевич,397,10д,5,Королупов_ВТ,4Ici5bsH
18,Стенцов Евгений Яковлевич,315,8и,4,Стенцов_ЕЯ,0om4MOfq
19,Феклисов Константин Виталиевич,270,9т,None,Феклисов_КВ,aydTiH00
20,Синелев Руслан Тимофеевич,300,8и,2,Синелев_РТ,4jZeYhs9
21,Опевалова Вера Евгеньевна,473,9д,5,Опевалова_ВЕ,nhJ2Li8m
22,Назерова Вероника Василевна,206,7б,5,Назерова_ВВ,nvC0y4kR
23,Дименская Светлана Дмитриевна,387,9д,5,Дименская_СД,xifN7J9g
24,Ковторева Раиса Василевна,482,9и,2,Ковторева_РВ,3wv2qZfK
25,Кулишнин Вячеслав Яковлевич,386,11х,5,Кулишнин_ВЯ,aMc84aCv
26,Лексин Кирилл Антонович,139,7в,5,Лексин_КА,uK74hqIq
27,Лаковский Григорий Василиевич,240,7д,5,Лаковский_ГВ,ac0PK9ya
28,Барамыкова Александра Алексеевна,106,10а,3,Барамыкова_АА,cey5FmA9
29,Плясулина Оксана Андреевна,346,8х,2,Плясулина_ОА,q8W8Wgty
30,Петрикеев Станислав Яковлевич,14,7и,4,Петрикеев_СЯ,tUd30sUr
31,Моторыгин Илья Георгиевич,238,10и,5,Моторыгин_ИГ,XEk0ia0f
32,Рыков Тарас Павлович,174,10и,5,Рыков_ТП,VqG8mqp2
33,Иончикова Елизавета Егоровна,169,8д,5,Иончикова_ЕЕ,i4llHs1K
34,Смолькина Алиса Егоровна,441,7г,5,Смолькина_АЕ,f9fZVxs1
35,Оболенин Герасим Павлович,472,7и,4,Оболенин_ГП,yU3zwMv9
36,Трощинский Георгий Борисович,67,9д,3,Трощинский_ГБ,U7x2dtxP
37,Поддубская Лиза Игоревна,496,10а,4,Поддубская_ЛИ,9taVy0dF
38,Телькова Валерия Олеговна,335,7х,4,Телькова_ВО,vqvz6AB9
39,Чигварина Александра Алексеевна,428,10б,2,Чигварина_АА,q2IztUr3
40,Киреевский Артур Игоревич,119,7в,3,Киреевский_АИ,FhsZn63d
41,Шумейкин Роман Павлович,420,8в,5,Шумейкин_РП,mvFyH32j
42,Трушинов Максим Алексиевич,82,8и,4,Трушинов_МА,lqUr06yD
43,Голюков Денис Сергеевич,62,11б,4,Голюков_ДС,zc8rP3Dt
44,Хлиманкова Надежда Валерьевна,461,10б,3,Хлиманкова_НВ,4pFaMq4y
45,Кулаженков Алексей Олегович,367,10в,2,Кулаженков_АО,X0mYghb1
46,Бутукин Владимир Адамович,221,7х,5,Бутукин_ВА,D8fK4leh
47,Поддуев Леонид Олегович,149,9х,4,Поддуев_ЛО,Iz0y5Myl
48,Ревцев Василий Павлович,360,9х,5,Ревцев_ВП,orOq4Ol3
49,Старокожев Артём Юрьевич,46,8д,3,Старокожев_АЮ,b3DF6dle
50,Светошев Максим Михаилович,321,10х,2,Светошев_ММ,OZ9qdi9r
51,Старынина Кристина Федоровна,266,9д,3,Старынина_КФ,kuWgs8V7
52,Востров Дмитрий Денисович,282,9г,3,Востров_ДД,yRAw5nn0
53,Бураханова Анастасия Леонидовна,16,8г,2,Бураханова_АЛ,9Xlps5sA
54,Понизов Виктор Кириллович,214,11и,5,Понизов_ВК,2d7bcNjC
55,Суздалев Валерий Алексеевич,66,11т,5,Суздалев_ВА,U7eutaY6
56,Колендин Дмитрий Алексеевич,153,10в,4,Колендин_ДА,iqrPgU70
57,Сулькова Екатерина Андреевна,325,8и,4,Сулькова_ЕА,d7Bir1dG
58,Аржевитова Надежда Федоровна,242,10в,2,Аржевитова_НФ,pxU8Tm5z
59,Крассов Валерий Олегович,201,8х,5,Крассов_ВО,5P8agJcr
60,Сонураева Инна Андреевна,450,9т,3,Сонураева_ИА,4ca9kTyF
61,Пашин Роман Вадимович,204,10д,2,Пашин_РВ,Hy8yi8mO
62,Фичкина Евгения Федоровна,29,11д,3,Фичкина_ЕФ,4GfcyFb0
63,Свилин Олег Виталиевич,123,8в,2,Свилин_ОВ,4wxOfv5X
64,Рогоцкий Андрей Адамович,142,9в,2,Рогоцкий_АА,y4fs1qAJ
65,Ахантьев Игорь Валериевич,80,10д,5,Ахантьев_ИВ,a7bbCTq8
66,Сочиникова Ксения Кирилловна,100,10д,2,Сочиникова_КК,8e5cWvsJ
67,Остюков Артур Романович,329,11и,3,Остюков_АР,lZxJtb20
68,Брюкина Оксана Викторовна,98,8в,5,Брюкина_ОВ,fcKFy4b5
69,Кузовенков Игорь Юрьевич,322,9г,None,Кузовенков_ИЮ,rC9q4ihA
70,Калухов Тарас Иванович,207,11а,3,Калухов_ТИ,HdbT9l2s
71,Батыров Пётр Виталиевич,227,7и,3,Батыров_ПВ,DkPy5zj9
72,Озрина Катерина Валерьевна,147,10а,4,Озрина_КВ,ji7ZsaL5
73,Декалова Полина Леонидовна,470,11д,5,Декалова_ПЛ,Ypxdd40H
74,Лосицкий Владимир Кириллович,369,9т,5,Лосицкий_ВК,Je8Lka8w
75,Магнусов Пётр Максимович,437,7и,5,Магнусов_ПМ,XgTjpx32
76,Лавренков Михаил Василиевич,188,9б,2,Лавренков_МВ,bwB3awH3
77,Шушкалова Вероника Алексеевна,411,8т,5,Шушкалова_ВА,zn6EU4ky
78,Бороданова Маргарита Дмитриевна,118,7г,5,Бороданова_МД,bbcd2O6N
79,Циркина Виолетта Федоровна,231,9г,2,Циркина_ВФ,zg7UVk3m
80,Болохина Екатерина Андреевна,194,11д,3,Болохина_ЕА,m3gorPK3
81,Чукалова Дарья Валерьевна,20,10г,4,Чукалова_ДВ,3zdcoB3K
82,Беловолов Степан Петрович,222,9д,2,Беловолов_СП,ubva0N4Y
83,Зудейкина Вероника Ивановна,166,8и,3,Зудейкина_ВИ,6tLtu3zM
84,Макунова Мария Борисовна,47,9в,5,Макунова_МБ,4PrHxd4z
85,Верзанский Геннадий Андреевич,497,7д,5,Верзанский_ГА,80SXedbw
86,Алтубин Ярослав Леонидович,414,10г,5,Алтубин_ЯЛ,3of4HuuP
87,Аузин Игорь Алексиевич,435,8х,5,Аузин_ИА,2sYQba8x
88,Калыгин Степан Тимофеевич,353,8и,2,Калыгин_СТ,Qt06Jlwp
89,Дурныгина Полина Игоревна,72,8и,2,Дурныгина_ПИ,xq6XNix1
90,Антюфеева Александра Вадимовна,347,8и,2,Антюфеева_АВ,6xl4trQT
91,Лощинский Борис Романович,210,10б,3,Лощинский_БР,4St9qyZo
92,Ходорков Евгений Виталиевич,344,9г,5,Ходорков_ЕВ,6de2CRyv
93,Кафорин Федор Данилович,427,10д,3,Кафорин_ФД,7Gc5wqcW
94,Косынская Алиса Дмитриевна,40,9в,3,Косынская_АД,g0x4RprB
95,Беремцев Артём Антонович,434,11т,2,Беремцев_АА,tn1Mj2lO
96,Влянская Мария Андреевна,490,7т,4,Влянская_МА,9xYlsZ3e
97,Мыгеева Лиза Василевна,280,8в,5,Мыгеева_ЛВ,n3h5DEkj
98,Акутникова Мария Алексеевна,173,11в,2,Акутникова_МА,ce8tKLp0
99,Карябкин Константин Максимович,89,7и,2,Карябкин_КМ,j79gLwqA
100,Прилепина Яна Максимовна,30,10в,5,Прилепина_ЯМ,wJ1xLv3a
101,Ведищев Никита Георгиевич,365,7и,5,Ведищев_НГ,V36xahYb
102,Самчева Вероника Борисовна,287,10г,3,Самчева_ВБ,a9CAj7pu
103,Пирцхалова Карина Леонидовна,452,10г,5,Пирцхалова_КЛ,CJ7r9fxq
104,Павлочев Денис Борисович,432,11д,5,Павлочев_ДБ,ElZg8k5v
105,Арашкова Екатерина Евгеньевна,356,8х,None,Арашкова_ЕЕ,j4dO3wHg
106,Байсарова Людмила Василевна,215,11и,2,Байсарова_ЛВ,xpd62CVy
107,Кудекина Зинаида Игоревна,250,10и,3,Кудекина_ЗИ,8DhMpe9x
108,Дерналов Виталий Викторович,1,9г,4,Дерналов_ВВ,kbfQ61Ya
109,Сазинова Галина Романовна,61,9и,3,Сазинова_ГР,T85nlfXd
110,Остаченова Марина Эдуардовна,229,9т,5,Остаченова_МЭ,DfiC51ek
111,Битюкова Яна Егоровна,488,9и,4,Битюкова_ЯЕ,1xsftO4R
112,Иваницкий Константин Борисович,232,8д,5,Иваницкий_КБ,buLT3fk3
113,Белянский Владислав Игоревич,74,11б,5,Белянский_ВИ,tOs64Gbk
114,Баранкин Артём Алексеевич,382,9т,2,Баранкин_АА,1A9Brayq
115,Шкабанова Софья Вадимовна,499,9х,4,Шкабанова_СВ,g5rXb2kA
116,Полозлов Денис Адамович,155,8т,3,Полозлов_ДА,bz77pFeN
117,Жунина Светлана Михайловна,162,8в,3,Жунина_СМ,n8cWAz0o
118,Пантыкин Борис Игоревич,245,9х,2,Пантыкин_БИ,98hnlfNU
119,Доутова Марина Богдановна,189,11х,2,Доутова_МБ,kWe42lMh
120,Трещалова Яна Андреевна,330,8б,3,Трещалова_ЯА,j3Ktzn4I
121,Ивашечкин Александр Данилович,390,10т,4,Ивашечкин_АД,m2A4nziX
122,Мазьянова Инна Богдановна,416,11в,4,Мазьянова_ИБ,9B2bBsov
123,Корогев Николай Евгеньевич,184,8б,5,Корогев_НЕ,ct46vtTF
124,Заидова Галина Максимовна,88,9т,4,Заидова_ГМ,Dye5Mcr6
125,Рамхин Кирилл Алексиевич,459,9х,4,Рамхин_КА,edV4Ngy9
126,Кизбабаев Эдуард Фёдорович,415,11т,2,Кизбабаев_ЭФ,Lng2j8hL
127,Соурчаков Ярослав Валериевич,268,8б,2,Соурчаков_ЯВ,sy2LMq4r
128,Мотяшева Алена Михайловна,404,7т,2,Мотяшева_АМ,7CmruRe9
129,Горшкова Наталия Яковлевна,340,11а,2,Горшкова_НЯ,7Dmu8aeF
130,Зябрицкий Игорь Виталиевич,332,7а,5,Зябрицкий_ИВ,Srvt8uN4
131,Шельдяев Игорь Юриевич,97,7д,5,Шельдяев_ИЮ,nigh2P6P
132,Шмелькин Максим Викторович,483,9т,5,Шмелькин_МВ,2ysS4jyC
133,Жалкин Алексей Алексеевич,43,7а,3,Жалкин_АА,8XkttpO8
134,Худасов Денис Максимович,70,10д,2,Худасов_ДМ,2VsEz5be
135,Швичкова Наталья Эдуардовна,398,7г,4,Швичкова_НЭ,x09XkThy
136,Едская Жанна Валерьевна,436,11в,4,Едская_ЖВ,82hcRsBs
137,Поморзина Полина Евгеньевна,122,7д,4,Поморзина_ПЕ,il8sDf1G
138,Будачева Кира Олеговна,55,11х,4,Будачева_КО,j3aCzr5F
139,Молкаев Василий Валериевич,216,8д,2,Молкаев_ВВ,Dtrsd73O
140,Яцынин Константин Тимофеевич,285,7г,2,Яцынин_КТ,cD3Z7vgh
141,Маховиков Василий Петрович,391,7х,4,Маховиков_ВП,d5cA0ocS
142,Шаметова Евгения Вадимовна,463,7а,2,Шаметова_ЕВ,hsc6S4iI
143,Законнова Жанна Евгеньевна,442,11и,None,Законнова_ЖЕ,QnqEm1w6
144,Перчихин Аркадий Тимофеевич,164,10т,3,Перчихин_АТ,yQnL8a8u
145,Бурдасова Ксения Игоревна,203,9а,3,Бурдасова_КИ,9O0trerU
146,Киссин Степан Иванович,251,7х,5,Киссин_СИ,P9yKhe0d
147,Вапилина Мария Егоровна,77,7д,2,Вапилина_МЕ,7Q3rgpgW
148,Сигутина Дарья Федоровна,458,7б,2,Сигутина_ДФ,bNcl2jD5
149,Сошьяков Альберт Фёдорович,17,7т,4,Сошьяков_АФ,9O9azeSc
150,Лугахина Клара Вадимовна,419,8в,4,Лугахина_КВ,h82CxiFw
151,Логецкий Анатолий Виталиевич,372,11б,4,Логецкий_АВ,fo6hRC8s
152,Ковайкова Юлия Егоровна,75,10г,2,Ковайкова_ЮЕ,Ald8zE2l
153,Вермутский Валерий Петрович,447,9и,5,Вермутский_ВП,lsy3O5tU
154,Россомахов Олег Юриевич,56,8в,2,Россомахов_ОЮ,oU64sGmx
155,Циплакова Екатерина Егоровна,471,9б,5,Циплакова_ЕЕ,1iyQbiV6
156,Квятцева Алла Никитична,138,11в,2,Квятцева_АН,6Nyuye1S
157,Выхухолева Лариса Василевна,384,8б,5,Выхухолева_ЛВ,Kan4wT8z
158,Целохов Андрей Вадимович,433,8и,5,Целохов_АВ,ewYsN86n
159,Бендин Иван Яковлевич,71,8и,4,Бендин_ИЯ,i0QXoch4
160,Лазученков Василий Алексеевич,381,7х,2,Лазученков_ВА,4u1IWhzk
161,Скоропухов Михаил Василиевич,69,10и,3,Скоропухов_МВ,k1VveU2i
162,Мухонкин Тарас Романович,126,9и,4,Мухонкин_ТР,Ty6d2wqD
163,Камерцев Владимир Кириллович,303,7а,3,Камерцев_ВК,7OTuvbd8
164,Сандрыкина Анна Олеговна,324,10т,2,Сандрыкина_АО,xaq9E9Cn
165,Недбайлов Алексей Денисович,15,7т,2,Недбайлов_АД,tgn1MI7c
166,Серпков Ярослав Георгиевич,380,10б,4,Серпков_ЯГ,td2R8knW
167,Хатшуклов Аркадий Николаевич,42,11т,4,Хатшуклов_АН,Bf7a7wrH
168,Литвалиева Алиса Егоровна,10,11и,3,Литвалиева_АЕ,08KsymMc
169,Енесина Лиза Валерьевна,293,9б,5,Енесина_ЛВ,3OheWud3
170,Пикальков Эдуард Алексиевич,21,8д,5,Пикальков_ЭА,9MoQpc2z
171,Сачинский Валентин Кириллович,125,10т,2,Сачинский_ВК,3zcFWv5j
172,Тарзанова Евгения Аркадьевна,96,9д,2,Тарзанова_ЕА,ktpwYM01
173,Лапундин Юрий Игоревич,267,8и,5,Лапундин_ЮИ,cwQo66Dz
174,Личева Лиза Михайловна,453,9б,3,Личева_ЛМ,sn93ODfu
175,Смароверов Яков Борисович,131,11в,4,Смароверов_ЯБ,q9WjvUz4
176,Вереина Алла Василевна,295,10и,3,Вереина_АВ,Vv6rmr7X
177,Погиблева Дарья Леонидовна,283,9в,5,Погиблева_ДЛ,cHe0r3Cn
178,Байнова Анастасия Вадимовна,363,7б,3,Байнова_АВ,rvzK7Uz7
179,Шиловский Вячеслав Максимович,438,9и,4,Шиловский_ВМ,F8mRucq8
180,Сыждиков Пётр Василиевич,494,11х,5,Сыждиков_ПВ,or06AVnn
181,Каценова Алёна Эдуардовна,165,11т,2,Каценова_АЭ,fSpz44Mp
182,Мужицких Ева Олеговна,348,8х,3,Мужицких_ЕО,yChbn0U9
183,Плеснецов Степан Юрьевич,22,10а,2,Плеснецов_СЮ,5oGl3mhW
184,Игумнова Алёна Сергеевна,114,9д,4,Игумнова_АС,M9m4Wdxp
185,Хадаров Владимир Валериевич,278,11т,5,Хадаров_ВВ,Wn46Mfyl
186,Ступакова Кира Ивановна,421,8и,3,Ступакова_КИ,f42DdrkT
187,Шоленинов Федор Максимович,286,11т,4,Шоленинов_ФМ,x4neLhN5
188,Гундаров Руслан Николаевич,158,9д,4,Гундаров_РН,QDbze17p
189,Гречишева Марина Андреевна,464,7д,2,Гречишева_МА,0nsnT2zR
190,Утилова Алена Андреевна,253,11д,3,Утилова_АА,6n0TGurl
191,Роткичева Алиса Максимовна,410,10а,4,Роткичева_АМ,zn2Z4nPl
192,Колтышева Марина Вадимовна,87,11г,4,Колтышева_МВ,fT0gHfi2
193,Гурычева Лариса Валерьевна,489,9б,2,Гурычева_ЛВ,by69PGth
194,Горцева Кристина Никитична,246,8и,4,Горцева_КН,23NyggkE
195,Кутурин Геннадий Денисович,197,9в,2,Кутурин_ГД,at9Ie9pM
196,Стефанков Яков Евгеньевич,318,10г,3,Стефанков_ЯЕ,o5u1RSjl
197,Множина Людмила Василевна,90,8б,2,Множина_ЛВ,aD3eh6Ns
198,Семисалов Георгий Иванович,316,9в,3,Семисалов_ГИ,8YjQ5aja
199,Рогалов Альберт Валериевич,327,9б,2,Рогалов_АВ,1cLj4jYi
200,Черетаева Анастасия Олеговна,341,9б,2,Черетаева_АО,w5Lyt1Qv
201,Радоминова Любовь Игоревна,25,9и,5,Радоминова_ЛИ,4jmGLg7k
202,Шувырина Лиза Андреевна,395,9а,5,Шувырина_ЛА,BhEc6ve1
203,Калиженков Семён Алексеевич,401,11а,4,Калиженков_СА,d6DpW4qw
204,Старокашин Константин Петрович,309,10а,3,Старокашин_КП,5OrzZnp5
205,Малтоцов Аркадий Яковлевич,218,8а,3,Малтоцов_АЯ,Yxx7jXv3
206,Кузеванова Ева Егоровна,116,7д,2,Кузеванова_ЕЕ,vusZ1D6i
207,Нурулина Алёна Егоровна,284,9х,2,Нурулина_АЕ,WdzTc37f
208,Лератов Герасим Сергеевич,374,10а,4,Лератов_ГС,Pllr2u7G
209,Людин Руслан Аркадиевич,498,7и,3,Людин_РА,n5PbL8za
210,Пурин Виктор Данилович,154,8и,5,Пурин_ВД,b71iIBkr
211,Лютов Виктор Юрьевич,288,11г,2,Лютов_ВЮ,IA2gbzr8
212,Марюшкина Яна Федоровна,345,10д,5,Марюшкина_ЯФ,oNFnw80s
213,Томилова Кристина Михайловна,492,11б,3,Томилова_КМ,3Fznp6nU
214,Дистерев Валерий Валериевич,24,7г,3,Дистерев_ВВ,3vnOz8Vq
215,Дочкин Геннадий Алексиевич,52,11и,5,Дочкин_ГА,svjn4UJ8
216,Иняхин Руслан Сергеевич,234,7и,5,Иняхин_РС,8iF5ocBe
217,Знайкова Раиса Егоровна,148,11х,3,Знайкова_РЕ,dqkf6R7P
218,Кашавцев Аркадий Леонидович,58,7а,4,Кашавцев_АЛ,9fJ9rkAe
219,Пятернина Кристина Андреевна,445,7и,2,Пятернина_КА,cNyv06eH
220,Гусеева Карина Викторовна,263,9и,2,Гусеева_КВ,1qu9CzkE
221,Кастева Яна Сергеевна,108,7и,2,Кастева_ЯС,vpP83aTg
222,Гришанин Тарас Павлович,113,10т,2,Гришанин_ТП,oiWq49Me
223,Грамоткин Илья Викторович,195,8д,5,Грамоткин_ИВ,1tp3WNqg
224,Мелисин Геннадий Василиевич,465,10г,2,Мелисин_ГВ,uLw55sTj
225,Цинина Светлана Яковлевна,105,11г,5,Цинина_СЯ,Tnik55Sc
226,Петов Георгий Адамович,57,9а,2,Петов_ГА,t9tFrVf8
227,Реева Валентина Максимовна,146,11и,5,Реева_ВМ,6rPkD7gl
228,Слесивых Мария Аркадьевна,35,7и,5,Слесивых_МА,l2xwP0tQ
229,Афтаева Полина Ивановна,193,10д,5,Афтаева_ПИ,fihv9OO2
230,Кривицкий Валентин Виталиевич,208,8х,5,Кривицкий_ВВ,d30jaAnR
231,Чубатов Константин Леонидович,279,11а,4,Чубатов_КЛ,DtD9qm5b
232,Партенков Геннадий Павлович,418,8х,3,Партенков_ГП,xdX5R5jv
233,Черушев Григорий Борисович,84,7г,4,Черушев_ГБ,zrwU0A7m
234,Тютекин Георгий Тимофеевич,262,7а,2,Тютекин_ГТ,D7lGwth4
235,Янкевский Вячеслав Адамович,167,11г,4,Янкевский_ВА,pdvEX98x
236,Сухручкина Клавдия Аркадьевна,177,7в,4,Сухручкина_КА,jRsg44Ny
237,Конофалова Клара Петровна,95,11д,5,Конофалова_КП,btP3u6iJ
238,Лигасов Михаил Павлович,491,11г,4,Лигасов_МП,80yuUGag
239,Писарьков Альберт Игоревич,313,8в,4,Писарьков_АИ,Ue6cu4Wt
240,Варов Кирилл Иванович,28,8а,5,Варов_КИ,6JfkFgi2
241,Пурынов Евгений Петрович,244,9и,3,Пурынов_ЕП,04hZcssQ
242,Супрутская Вероника Викторовна,187,9а,2,Супрутская_ВВ,zp54VStv
243,Скроцкая Алина Федоровна,127,8г,3,Скроцкая_АФ,rw2o1TDj
244,Барадулин Вадим Юрьевич,281,11х,3,Барадулин_ВЮ,hpa8H1qH
245,Точилин Дмитрий Фёдорович,476,8а,2,Точилин_ДФ,3oJKhpq1
246,Бикмуллин Руслан Валериевич,333,11т,2,Бикмуллин_РВ,yG5Cbpi7
247,Серпичев Василий Алексиевич,394,10х,5,Серпичев_ВА,GJx01ryb
248,Вострышев Яков Аркадиевич,343,8г,5,Вострышев_ЯА,Xket9Zm0
249,Грушчева София Евгеньевна,480,11в,None,Грушчева_СЕ,fehNHs55
250,Кулапов Александр Юрьевич,109,9б,5,Кулапов_АЮ,VM88gqaa
251,Чибисенков Владислав Фёдорович,375,8х,3,Чибисенков_ВФ,98nEDroo
252,Утилов Роман Василиевич,254,9х,2,Утилов_РВ,rvH6yW1f
253,Татаурова Галина Федоровна,145,10т,4,Татаурова_ГФ,pDrdC07l
254,Визавитина Наталия Леонидовна,101,10г,2,Визавитина_НЛ,f6wxMq0P
255,Мягченков Артём Денисович,115,7б,4,Мягченков_АД,jAlfk5T9
256,Брикова Инна Богдановна,256,9б,4,Брикова_ИБ,2bYkQ1tc
257,Наторкин Валентин Данилович,319,7и,2,Наторкин_ВД,6likxDT7
258,Эштрекова Софья Алексеевна,76,9в,3,Эштрекова_СА,8ll2IlPm
259,Кутаманова Кира Андреевна,182,10т,2,Кутаманова_КА,xVO2bo5y
260,Кыштымова Евгения Эдуардовна,255,8в,5,Кыштымова_ЕЭ,B4uAdu0n
261,Ккнязева Клавдия Дмитриевна,34,7б,5,Ккнязева_КД,Puot8U4u
262,Глаголина Алиса Никитична,249,9д,2,Глаголина_АН,29FtFdye
263,Рисина Раиса Валерьевна,451,10а,4,Рисина_РВ,Knna5tT7
264,Ребров Алексей Георгиевич,289,8и,3,Ребров_АГ,p8F2Klsn
265,Вырысалова Александра Евгеньевна,39,11и,2,Вырысалова_АЕ,ehJ0R8cw
266,Гомольский Владимир Юриевич,314,11х,5,Гомольский_ВЮ,Ktj39bYh
267,Швинова Марина Федоровна,271,8г,5,Швинова_МФ,sy4bvX1G
268,Рудковская Инна Дмитриевна,6,7т,3,Рудковская_ИД,c73SywkW
269,Решеткина Дарья Василевна,408,10и,3,Решеткина_ДВ,WwjMl6p2
270,Евстихеев Игорь Василиевич,422,10х,5,Евстихеев_ИВ,r2tw3gPG
271,Лазарина Алёна Федоровна,161,8б,3,Лазарина_АФ,wGgI8vh2
272,Гляченков Григорий Николаевич,431,10а,5,Гляченков_ГН,LSy8sap7
273,Чардынцева Алина Вадимовна,135,10д,3,Чардынцева_АВ,jc0cS6Xy
274,Скаредов Яков Иванович,337,9т,5,Скаредов_ЯИ,rFxpd0B8
275,Юрицкий Эдуард Денисович,192,7д,3,Юрицкий_ЭД,gRwdD15x
276,Кравчина Светлана Аркадьевна,413,11г,5,Кравчина_СА,eNmb0xR2
277,Чмареткова Полина Вадимовна,449,10а,2,Чмареткова_ПВ,hAsXg56j
278,Углова Галина Романовна,260,9г,3,Углова_ГР,jivdYT30
279,Згуровская Виктория Андреевна,220,9т,4,Згуровская_ВА,kh51aDDv
280,Секерский Станислав Сергеевич,235,10а,4,Секерский_СС,dyZk4aP3
281,Жевайкин Евгений Адамович,86,11г,3,Жевайкин_ЕА,yFifX7k0
282,Коточигов Семён Игоревич,26,9д,5,Коточигов_СИ,qBB0im8w
283,Калонин Альберт Денисович,297,8б,2,Калонин_АД,t1ur5UpV
284,Валягин Григорий Антонович,94,10в,4,Валягин_ГА,7IvFbit8
285,Коцева Кристина Николаевна,412,9г,3,Коцева_КН,wXX3ob8q
286,Голина Кристина Максимовна,3,7х,3,Голина_КМ,RCmabn36
287,Батрамеев Анатолий Романович,354,9х,3,Батрамеев_АР,WxB5v5sa
288,Чикмарев Валентин Валериевич,306,9и,5,Чикмарев_ВВ,W3gcGb8k
289,Киницына Валерия Олеговна,202,7х,4,Киницына_ВО,W5rba9eK
290,Числин Юрий Денисович,121,7в,2,Числин_ЮД,u6w1xsLN
291,Стебунова Юлия Романовна,358,9т,3,Стебунова_ЮР,y48HGcik
292,Кацов Павел Павлович,236,10г,5,Кацов_ПП,oP2lfdZ7
293,Гоцев Тарас Викторович,41,8в,3,Гоцев_ТВ,kVl1ylK8
294,Мотовицкий Роман Аркадиевич,31,11и,5,Мотовицкий_РА,ena76fHC
295,Чурзина Клара Егоровна,308,10б,3,Чурзина_КЕ,Vk9v0Psb
296,Щепалкина Валерия Сергеевна,134,9б,4,Щепалкина_ВС,Zt1qnL7t
297,Утимишев Ярослав Игоревич,239,11а,3,Утимишев_ЯИ,nwp5T2Cl
298,Алуханов Кирилл Фёдорович,298,7т,2,Алуханов_КФ,aJyj4St8
299,Полунеев Валентин Валериевич,307,8и,2,Полунеев_ВВ,Yf7b9Sok
300,Крупенова Наталия Андреевна,209,7в,5,Крупенова_НА,joZ3yxK8
301,Корнюшин Илья Юрьевич,44,10т,3,Корнюшин_ИЮ,5rk0xWlJ
302,Паушева Виолетта Никитична,310,8г,4,Паушева_ВН,0pz7XXzy
303,Берзин Герасим Антонович,349,11т,5,Берзин_ГА,xla2lBD5
304,Шулунова Алла Алексеевна,54,7д,4,Шулунова_АА,U5rcG4rp
305,Трепашова София Яковлевна,399,11а,2,Трепашова_СЯ,5sPm2Ffp
306,Чумейкин Константин Антонович,8,8б,5,Чумейкин_КА,zz2thRI7
307,Польшиков Денис Игоревич,495,9и,2,Польшиков_ДИ,7akB5Kvv
308,Медоусова Жанна Романовна,252,7б,2,Медоусова_ЖР,yuXE0ml2
309,Акуратова Клавдия Андреевна,92,9г,5,Акуратова_КА,EPvrz90y
310,Курмеева Елизавета Валерьевна,486,8а,5,Курмеева_ЕВ,V93ozsMr
311,Бадов Александр Аркадиевич,217,10г,3,Бадов_АА,X0a2rtMf
312,Бакушин Эдуард Адамович,265,7б,5,Бакушин_ЭА,Fo7igeV5
313,Чебина Инна Сергеевна,273,10т,2,Чебина_ИС,7VesbE3j
314,Подледнова Наталья Ивановна,112,11и,3,Подледнова_НИ,yPF84toh
315,Садгеева Лиза Евгеньевна,460,11г,3,Садгеева_ЛЕ,Vy7T2uqe
316,Акушин Борис Павлович,493,9т,2,Акушин_БП,WboO5a8p
317,Аришев Руслан Кириллович,379,10т,3,Аришев_РК,7x9znUzK
318,Гуслова Кристина Олеговна,389,9в,2,Гуслова_КО,Zgi7Zf0e
319,Глоточкина Оксана Аркадьевна,370,9и,5,Глоточкина_ОА,OtzF1bn7
320,Шапина Маргарита Романовна,163,8б,5,Шапина_МР,AajqlK04
321,Дурылин Георгий Валериевич,261,11т,4,Дурылин_ГВ,uz22yaQX
322,Болкисева Анна Викторовна,248,7х,4,Болкисева_АВ,rQnhl45U
323,Багапов Вячеслав Сергеевич,99,7д,4,Багапов_ВС,pTfK2t1w
324,Люцарева Яна Аркадьевна,376,11б,2,Люцарева_ЯА,u1LgYf1l
325,Боготынина София Егоровна,63,11б,5,Боготынина_СЕ,rnp4W1Tn
326,Саюшкин Игорь Алексиевич,211,11х,5,Саюшкин_ИА,Tm8Ao9mv
327,Потешных Тамара Николаевна,468,11в,3,Потешных_ТН,xnJY8hb7
328,Незлина Жанна Василевна,426,8б,5,Незлина_ЖВ,SwvJn61v
329,Федичева Вероника Кирилловна,37,7х,4,Федичева_ВК,0wcBaa3T
330,Пустынкин Вадим Антонович,388,10в,5,Пустынкин_ВА,mtd3W8Nf
331,Аринакова Ирина Михайловна,150,8в,5,Аринакова_ИМ,ps7EejI8
332,Обиралкова Мария Егоровна,294,11т,5,Обиралкова_МЕ,3GjbWfw2
333,Аристарова Валентина Максимовна,443,11г,2,Аристарова_ВМ,5cfu0VBn
334,Яуров Герасим Юрьевич,38,9а,5,Яуров_ГЮ,58LRzuex
335,Духонькин Вячеслав Фёдорович,2,9в,4,Духонькин_ВФ,hsWz84dE
336,Гвасков Евгений Михаилович,402,9в,5,Гвасков_ЕМ,jlgpP20C
337,Жабынина Галина Николаевна,185,7х,5,Жабынина_ГН,09ypjZTl
338,Шерюкова Виолетта Романовна,440,9б,4,Шерюкова_ВР,Avq28lAo
339,Колокатов Пётр Евгеньевич,484,10в,3,Колокатов_ПЕ,z8bOUzz3
340,Шайдуков Андрей Михаилович,317,9и,4,Шайдуков_АМ,66HrmwZp
341,Смирнягина Дарья Игоревна,425,10в,4,Смирнягина_ДИ,f2VzH1ya
342,Штырева Ева Олеговна,258,11и,2,Штырева_ЕО,7qQKo3ay
343,Ашукин Вячеслав Михаилович,191,10т,4,Ашукин_ВМ,rcT3N7cd
344,Рубченкова Галина Алексеевна,190,9в,3,Рубченкова_ГА,Afli77lM
345,Зархин Иван Алексиевич,478,11и,5,Зархин_ИА,cGu5A8xq
346,Адиотов Дмитрий Павлович,156,7б,3,Адиотов_ДП,p8viW8Xy
347,Тищенкова Раиса Валерьевна,79,7д,3,Тищенкова_РВ,6Wcds7aE
348,Лозеев Илья Петрович,205,10д,2,Лозеев_ИП,pQnuS9i8
349,Кобяшов Герасим Михаилович,305,11т,2,Кобяшов_ГМ,3KwxK5fk
350,Ронова Клавдия Валерьевна,107,7и,4,Ронова_КВ,rMsyhX95
351,Стрижнов Алексей Евгеньевич,385,11г,3,Стрижнов_АЕ,CeZh6az5
352,Волынский Алексей Виталиевич,362,11т,5,Волынский_АВ,VvfpT4c3
353,Машонский Василий Данилович,23,9д,5,Машонский_ВД,xbw8Tv4T
354,Буриева Зинаида Аркадьевна,104,11д,4,Буриева_ЗА,sLvL12jo
355,Борщина Алёна Ивановна,377,11а,5,Борщина_АИ,k5zsRwV8
356,Белчков Олег Иванович,275,10а,4,Белчков_ОИ,td02xwDE
357,Остропиков Альберт Данилович,157,8г,2,Остропиков_АД,Bz4rRfb3
358,Оргонова Любовь Максимовна,264,7б,4,Оргонова_ЛМ,9rbqOg7E
359,Мальков Юрий Евгеньевич,228,7г,3,Мальков_ЮЕ,Ogsx9j7I
360,Свльхова Наталья Вадимовна,160,9т,5,Свльхова_НВ,pQmkj3Q3
361,Мякушков Герасим Леонидович,102,10т,3,Мякушков_ГЛ,wJrG6d5q
362,Межуев Георгий Юриевич,355,8г,4,Межуев_ГЮ,7H1Xpquf
363,Чериншев Александр Сергеевич,439,8а,2,Чериншев_АС,fgmE7Z6m
364,Муниров Алексей Андреевич,117,11г,3,Муниров_АА,D8Az0mqr
365,Климухин Руслан Романович,269,10в,3,Климухин_РР,A2Ndiyj3
366,Дембская Екатерина Никитична,64,11б,4,Дембская_ЕН,blRw0T4o
367,Тюнеев Яков Фёдорович,417,10т,2,Тюнеев_ЯФ,5pLMjav6
368,Трушитин Антон Данилович,168,9х,3,Трушитин_АД,MlmE40rr
369,Балакишиев Роман Алексиевич,143,11х,5,Балакишиев_РА,1HJqa8zv
370,Немтюрева Валерия Аркадьевна,12,10г,4,Немтюрева_ВА,C32Fycqr
371,Складанова Клавдия Аркадьевна,257,9а,3,Складанова_КА,1bfYo3Bf
372,Заходина Полина Леонидовна,93,10д,4,Заходина_ПЛ,6pNn9qjM
373,Муринов Анатолий Борисович,171,11б,5,Муринов_АБ,1q0oxMFi
374,Гришалова Любовь Евгеньевна,301,8т,3,Гришалова_ЛЕ,S6Futv9w
375,Ситчихин Станислав Георгиевич,247,8т,5,Ситчихин_СГ,nLIg2a7o
376,Просяных Георгий Василиевич,366,9в,2,Просяных_ГВ,rq5Ou6Qs
377,Дзабиев Григорий Георгиевич,259,11д,5,Дзабиев_ГГ,2v1yMMfo
378,Рыбаулин Григорий Алексеевич,140,11а,5,Рыбаулин_ГА,ign0PUk5
379,Тупиева Екатерина Ивановна,400,7д,2,Тупиева_ЕИ,kE0zAoi1
380,Куверчева Алена Ивановна,170,10д,3,Куверчева_АИ,Dtrtp3Z4
381,Цаблинова Виктория Богдановна,342,9г,4,Цаблинова_ВБ,6yJzByg7
382,Синенков Григорий Леонидович,230,9в,5,Синенков_ГЛ,8uoU8Zgl
383,Лизункин Артур Олегович,4,11в,5,Лизункин_АО,a80AsqbJ
384,Славущева Александра Эдуардовна,81,8а,5,Славущева_АЭ,F1cTqr4f
385,Шахвердов Дмитрий Антонович,132,11б,2,Шахвердов_ДА,pn1Vqf9X
386,Рапацкая Ольга Ивановна,223,10г,3,Рапацкая_ОИ,3TeIp0tn
387,Сторокожев Виталий Аркадиевич,159,9б,2,Сторокожев_ВА,k5Qcrd4B
388,Половодов Кирилл Николаевич,18,8т,5,Половодов_КН,i13YntoA
389,Халтанова Алена Дмитриевна,49,8б,3,Халтанова_АД,DbdM75ni
390,Заложнев Роман Фёдорович,448,8в,4,Заложнев_РФ,l0vHO1de
391,Рыжих Кристина Аркадьевна,213,7а,4,Рыжих_КА,43TeDywv
392,Буров Руслан Игоревич,405,11и,5,Буров_РИ,9ulR0Lkg
393,Гачков Виталий Евгеньевич,277,9т,4,Гачков_ВЕ,5Tr3yoVu
394,Кадилов Геннадий Борисович,225,10в,3,Кадилов_ГБ,8Rxj5eDz
395,Гликина Алёна Эдуардовна,454,9б,3,Гликина_АЭ,pc3b4RFu
396,Ичкинина Любовь Андреевна,299,8г,5,Ичкинина_ЛА,AkK7s8zn
397,Мозшорина Кира Дмитриевна,65,8б,3,Мозшорина_КД,AQyg2zi3
398,Брижеватов Константин Борисович,152,11т,2,Брижеватов_КБ,vu54zKBf
399,Бучеров Тарас Викторович,429,10д,4,Бучеров_ТВ,DSrayb51
400,Мисютина Валерия Эдуардовна,368,9г,2,Мисютина_ВЭ,slU2H8ep
401,Льянов Федор Вадимович,328,8а,4,Льянов_ФВ,GN3vijq5
402,Щуркин Георгий Яковлевич,180,8в,4,Щуркин_ГЯ,mGm4bv8N
403,Акулин Федор Адамович,241,10г,4,Акулин_ФА,aDJ3qy9z
404,Волженкова Екатерина Ивановна,233,9д,4,Волженкова_ЕИ,vs9P8Mco
405,Махометова София Викторовна,424,8и,3,Махометова_СВ,8Xg1rtXt
406,Зызлов Геннадий Антонович,274,7в,3,Зызлов_ГА,Rwjy2F4q
407,Девляшова Кира Олеговна,51,11д,5,Девляшова_КО,9m9wmPQx
408,Яковкина Алена Никитична,320,9т,5,Яковкина_АН,rz90XsjX
409,Бузулев Вадим Николаевич,331,10д,3,Бузулев_ВН,oe4YD9pt
410,Ганельский Юрий Юриевич,474,9д,3,Ганельский_ЮЮ,Prn1m3oM
411,Шкапрова Ева Ивановна,371,7б,5,Шкапрова_ЕИ,A2qooK6e
412,Чичирин Владимир Георгиевич,11,10а,4,Чичирин_ВГ,pog1Vi0E
413,Шилова Надежда Викторовна,124,9б,2,Шилова_НВ,eQl5z9dX
414,Коваев Руслан Михаилович,487,9т,3,Коваев_РМ,q3sb6CYk
415,Саверина Надежда Андреевна,407,11б,4,Саверина_НА,PlwKz9o3
416,Тишанкин Олег Адамович,334,9д,3,Тишанкин_ОА,4Pe7gayX
417,Широпаев Валерий Сергеевич,406,9б,2,Широпаев_ВС,e1K7jiGb
418,Щепанин Олег Адамович,226,7а,3,Щепанин_ОА,Wp1g9Hhm
419,Оплетин Владислав Аркадиевич,361,10х,4,Оплетин_ВА,aCuhJp67
420,Оденова Карина Андреевна,409,8и,4,Оденова_КА,Vr5nB4pg
421,Семагин Альберт Андреевич,456,10х,4,Семагин_АА,zj42pHBw
422,Черданцева Анастасия Олеговна,128,8х,3,Черданцева_АО,bt94daCD
423,Лонцова Елизавета Эдуардовна,224,7х,3,Лонцова_ЕЭ,Dr6a7Sgx
424,Сарсекеева Алёна Никитична,462,11и,4,Сарсекеева_АН,TookS12b
425,Аковецкий Антон Евгеньевич,500,8б,4,Аковецкий_АЕ,U2hw4Iwp
426,Аратский Станислав Борисович,351,9и,2,Аратский_СБ,3jeA1ppW
427,Чужриков Пётр Денисович,200,9в,3,Чужриков_ПД,3s3fbWTz
428,Никитшин Алексей Кириллович,111,11и,3,Никитшин_АК,vFx1ubT1
429,Симендяев Василий Алексиевич,45,8д,4,Симендяев_ВА,pK9dV9tg
430,Ошитков Максим Сергеевич,151,10г,4,Ошитков_МС,hvAZyv83
431,Юрасов Евгений Романович,338,9и,3,Юрасов_ЕР,5k6hqSKm
432,Головяшин Павел Юриевич,179,7г,5,Головяшин_ПЮ,xagM2d8E
433,Манжурина Екатерина Сергеевна,219,7т,3,Манжурина_ЕС,deX77aaV
434,Никурашин Олег Евгеньевич,291,11х,2,Никурашин_ОЕ,hQ4qlz3X
435,Бехтерев Федор Вадимович,137,9х,3,Бехтерев_ФВ,fO1jw6fH
436,Годлевская Катерина Дмитриевна,403,11г,3,Годлевская_КД,vu20qZGj
437,Акиярова Алина Эдуардовна,9,11а,4,Акиярова_АЭ,xi63FkpO
438,Милина Алена Петровна,359,8г,3,Милина_АП,oCk6pD0o
439,Воловин Борис Викторович,350,7т,2,Воловин_БВ,bAp0F5yh
440,Туморина Ксения Федоровна,133,8б,5,Туморина_КФ,8aY4zsdN
441,Желейков Вячеслав Яковлевич,199,8г,3,Желейков_ВЯ,sVr4bd0E
442,Шишорнина Екатерина Алексеевна,183,8т,3,Шишорнина_ЕА,H7sjmw9W
443,Юумогулова Виолетта Игоревна,311,10х,3,Юумогулова_ВИ,2BQpx6qe
444,Рецков Денис Денисович,85,10д,2,Рецков_ДД,2odvJIw8
445,Химунина Елизавета Ивановна,392,7д,2,Химунина_ЕИ,gqV2yPw3
446,Кобрянов Александр Алексиевич,455,7т,2,Кобрянов_АА,iNU11cky
447,Бирылов Тарас Данилович,243,11а,3,Бирылов_ТД,JyN5jn3j
448,Туфатулин Ярослав Леонидович,485,8х,4,Туфатулин_ЯЛ,39yjgTOw
449,Долбишев Николай Аркадиевич,292,10б,5,Долбишев_НА,r4go8uDP
450,Махтумова Алёна Эдуардовна,186,10б,4,Махтумова_АЭ,pu9sDO3l
451,Нарзаркин Алексей Романович,423,10т,2,Нарзаркин_АР,yz2gdWK9
452,Куранина Алена Леонидовна,196,9б,4,Куранина_АЛ,RErqui89
453,Ситюков Аркадий Евгеньевич,32,10в,3,Ситюков_АЕ,lflBRo88
454,Мизюрова Алиса Никитична,176,7г,4,Мизюрова_АН,pOk29nAv
455,Пандурова Алиса Дмитриевна,130,9б,2,Пандурова_АД,x5bX4jNg
456,Жилейкин Борис Тимофеевич,91,7в,2,Жилейкин_БТ,H2cdT4hh
457,Корпункова Виолетта Сергеевна,83,11а,3,Корпункова_ВС,Kbqn6W4h
458,Пашохонова Анастасия Федоровна,467,9в,4,Пашохонова_АФ,6HwkAr7w
459,Сузальцева Тамара Михайловна,357,8х,4,Сузальцева_ТМ,nx7OnvS3
460,Чиличкина Светлана Яковлевна,5,8в,5,Чиличкина_СЯ,dOo2l5vJ
461,Шантыкова Карина Максимовна,198,10д,3,Шантыкова_КМ,Vg1cNf6i
462,Недосекин Владислав Яковлевич,457,10а,4,Недосекин_ВЯ,Mt1xaD4v
463,Максимкин Федор Фёдорович,172,10г,2,Максимкин_ФФ,3qrs7EjO
464,Матбиюшина Виктория Игоревна,237,8д,2,Матбиюшина_ВИ,yw57XeWm
465,Шишкунов Герасим Юрьевич,110,8т,4,Шишкунов_ГЮ,tdAgiH46
466,Сухинин Георгий Алексиевич,475,10х,4,Сухинин_ГА,iN0cG6om
467,Бисеева Полина Романовна,48,7д,5,Бисеева_ПР,r7kc7FFq
468,Жукулов Михаил Денисович,60,11г,3,Жукулов_МД,d01aKcDb
469,Тоняев Герасим Петрович,378,9т,5,Тоняев_ГП,5ufGkV9s
470,Шушенкова Алёна Олеговна,36,7и,2,Шушенкова_АО,00qfRGbi
471,Разроев Дмитрий Павлович,59,9а,2,Разроев_ДП,w9vyvQ2E
472,Баззаев Анатолий Данилович,339,9д,2,Баззаев_АД,Ai4ku3Il
473,Цекова Алла Олеговна,50,8д,2,Цекова_АО,L5i1Hsxu
474,Аборонова Алиса Алексеевна,444,7г,5,Аборонова_АА,Smi8Ut5w
475,Ягловская Ева Олеговна,181,8в,4,Ягловская_ЕО,yMy24uDl
476,Шароварова Яна Романовна,175,8а,4,Шароварова_ЯР,c6Aqfp8Z
477,Общев Яков Викторович,466,8а,4,Общев_ЯВ,Eyh4hRt9
478,Ойзерская Катерина Эдуардовна,120,7х,2,Ойзерская_КЭ,0h9ioCaM
479,Прусский Ярослав Иванович,479,11б,2,Прусский_ЯИ,e3aKe4Py
480,Лабинов Павел Алексеевич,272,7б,5,Лабинов_ПА,l2FSct3o
481,Покровов Эдуард Павлович,312,8б,2,Покровов_ЭП,wf7Lv5mW
482,Мачехин Эдуард Данилович,19,7д,3,Мачехин_ЭД,B0eGk3ml
483,Кодорская Раиса Ивановна,27,11б,3,Кодорская_РИ,Qybd22bM
484,Кондраева Марина Ивановна,469,9д,3,Кондраева_МИ,6Qphdi6D
485,Бульенков Валентин Иванович,136,10т,4,Бульенков_ВИ,fr9k6sSQ
486,Тагакова Вероника Яковлевна,393,8т,4,Тагакова_ВЯ,fYL3bc9a
487,Гершанова Любовь Евгеньевна,383,11т,5,Гершанова_ЛЕ,zScGjb41
488,Салина Алена Егоровна,73,11в,5,Салина_АЕ,X15djWsi
489,Фрумова Зинаида Аркадьевна,78,8а,4,Фрумова_ЗА,dSo68beR
490,Хорняков Борис Борисович,13,8г,2,Хорняков_ББ,wnH0Tqk1
491,Гдагазина Лиза Василевна,212,9т,5,Гдагазина_ЛВ,Hbx7db5W
492,Агаршев Ярослав Михаилович,276,9т,2,Агаршев_ЯМ,D8qilZf1
493,Корюшин Пётр Антонович,326,8х,2,Корюшин_ПА,dMifzS54
494,Калаев Пётр Алексиевич,68,8а,3,Калаев_ПА,6mreTW2w
495,Ккаталкина Виолетта Егоровна,53,7б,2,Ккаталкина_ВЕ,d8vO0Zin
496,Рачнов Герасим Алексеевич,103,10а,5,Рачнов_ГА,0yVkj3Oi
497,Миндубаева Людмила Леонидовна,477,11и,2,Миндубаева_ЛЛ,uPez3K8n
498,Агафьева Вера Ивановна,352,11х,3,Агафьева_ВИ,m82kbVfQ
499,Житин Эдуард Адамович,481,9а,5,Житин_ЭА,0QycVvl6
